url,title
https://www.notion.so/rockfeather/Working-abroad-8362fdc042d14b939c8bd56c7b7aae12?pvs=4, Working abroad
https://www.notion.so/rockfeather/Salary-bands-cb617a139ba448d99b46014d70d2d777?pvs=4, Salary bands
https://www.notion.so/rockfeather/Leveling-Framework-e189719346bf414a8e6880e8b889e314?pvs=4, Leveling Framework
https://www.notion.so/rockfeather/Roles-Responsibilities-151f2edb10a0809182a0dd24768732d2?pvs=4, Roles & Responsibilities
https://www.notion.so/rockfeather/Competencies-151f2edb10a08008b574f371a14fe242?pvs=4m, Competencies
https://www.notion.so/rockfeather/Trustee-136f2edb10a08010a206c2d5df3f7618?pvs=4, Trustee
https://www.notion.so/rockfeather/Community-1a1f2edb10a080c280cacaf2bf54f874?pvs=4, Community
https://www.notion.so/rockfeather/Peer-review-1d6f2edb10a08092aa4ae51ca7dbbc66?pvs=4, Peer Review
https://www.notion.so/rockfeather/Newsletter-Rockletter-b8c37de89bef43c4979879f73de8bdc3?pvs=4, Newsletter (Rockletter)
https://www.notion.so/rockfeather/Mobility-plan-2023-and-beyond-bcbf5452f09840ec8c2743a6bfd25d45?pvs=4, Mobility plan
https://www.notion.so/rockfeather/Birthday-presents-d2ae06df72044e21984fb49bfed71d1f?pvs=4, Birthday presents
https://www.notion.so/rockfeather/Making-expenses-ef03dc2b797541b487e5c357533e2201?pvs=4, Making expenses
https://www.notion.so/rockfeather/Templates-Corporate-Identity-9fffd1b6a6494497b495598bbe3be1ab?pvs=4, Templates & Corporate Identity
